<?xml version="1.0" encoding="UTF-8"?>

<!--********** Copyright 2016 Roku Corp.  All Rights Reserved. **********-->

<component name="MainScene" extends="Scene" xmlns:xsi="http://www.w3.org/2001/XMLSchema-instance" xsi:noNamespaceSchemaLocation="https://devtools.web.roku.com/schema/RokuSceneGraph.xsd">
    <interface>
		<field type="assocarray" id="voiceCommandsData" alwaysNotify="true" onchange="onVoiceCommandsDataReceived"/>
        <field id="voiceCommandStatus" type="String" alwaysNotify="true"/>
    </interface>    
	<!-- importing main handler -->
    <script type="text/brightscript" uri="pkg:/components/MainScene.brs" />
    <script type="text/brightscript" uri="pkg:/components/MainSceneExtension.brs"/>
    <script type="text/brightscript" uri="pkg:/components/VideoExtension.brs"/>

    <children>

         <Rectangle id="parentRectangle" width="1920" height="1080"
			translation="[0,0]" color="#000000">

            <Label id="label1" horizAlign="center" vertAlign="center" color="#FFFFFF" translation="[0, 20]" width="1920" height="50">
                                  </Label>
            <Label id="label2" horizAlign="center" vertAlign="center" color="#FFFFFF" translation="[0, 70]" width="1920" height="50">
                                  </Label>   

            <Poster id="flagIcon" loadDisplayMode="scaleToFit" translation="[1700, 20]" width="100" height="100" loadWidth="100" loadHeight="100"></Poster>                     

			<Video id="videoPlayer" enableScreenSaverWhilePlaying="false"
				enableUI="true" width="1840" height="850" translation="[0,0]" />
		</Rectangle>
    </children>
</component>
