<?xml version="1.0" encoding="UTF-8"?>
<component name="KeyboardScreen" extends="Group" xmlns:xsi="http://www.w3.org/2001/XMLSchema-instance" xsi:schemaLocation="https://devtools.web.roku.com/schema/RokuSceneGraph.xsd">
    
    <interface>
                <field id = "removeKeyboardScreen" type="Boolean" alwaysNotify="true"/>
                <field id = "configureKeyboard" type="Boolean" alwaysNotify="true" onChange="configureKeyboard"/>
    </interface>
    
	<script type="text/brightscript" uri="pkg:/components/KeyboardScreen/KeyboardScreen.brs" />
    
             <children>
                           <Rectangle id="parentContainer" width="1920" height="1080" translation="[0,0]" color = "#000000" >
                                                                           
                                      <Label id="tempLabel" text=""  height="51" translation="[0,30]" width="1920"
                                                  horizAlign="center" vertAlign="center" color="#EEEEEE" font="font:SmallBoldSystemFont">
                                      </Label>
                                      
                                     <DynamicKeyboard id="searchkeyboard" translation="[250, 300]"></DynamicKeyboard>
                         </Rectangle>
            </children>
</component>